{
  "run_id": "no-micro-stepping",
  "final_train_loss": 2.563602472305298,
  "final_train_acc": 0.377375,
  "final_val_loss": 1.780765908241272,
  "final_val_acc": 0.513,
  "best_val_acc": 0.513,
  "epochs": 1,
  "epoch_metrics": [
    {
      "epoch": 1,
      "train_loss": 2.563602472305298,
      "train_acc": 0.377375,
      "val_loss": 1.780765908241272,
      "val_acc": 0.513
    }
  ]
}