{
  "run_id": "AdaNPC-\u03c40.25",
  "final_train_loss": 4.9338635824401305,
  "final_train_acc": 0.009282970550576185,
  "final_val_loss": 4.934707247161866,
  "final_val_acc": 0.0116,
  "best_val_acc": 0.0116,
  "epochs": 1,
  "epoch_metrics": [
    {
      "epoch": 1,
      "train_loss": 4.9338635824401305,
      "train_acc": 0.009282970550576185,
      "val_loss": 4.934707247161866,
      "val_acc": 0.0116
    }
  ]
}