{
  "run_id": "source_fake",
  "final_train_loss": 2.6127471923828125,
  "final_train_acc": 0.11895161290322581,
  "final_val_loss": 2.9906107711791994,
  "final_val_acc": 0.125,
  "best_val_acc": 0.125,
  "epochs": 1,
  "epoch_metrics": [
    {
      "epoch": 1,
      "train_loss": 2.6127471923828125,
      "train_acc": 0.11895161290322581,
      "val_loss": 2.9906107711791994,
      "val_acc": 0.125
    }
  ]
}