{
  "run_id": "source_fake",
  "final_train_loss": 2.2896996774981098,
  "final_train_acc": 0.25201612903225806,
  "final_val_loss": 3.0471415519714355,
  "final_val_acc": 0.315,
  "best_val_acc": 0.315,
  "epochs": 2,
  "epoch_metrics": [
    {
      "epoch": 1,
      "train_loss": 2.503536101310484,
      "train_acc": 0.11189516129032258,
      "val_loss": 3.355052089691162,
      "val_acc": 0.165
    },
    {
      "epoch": 2,
      "train_loss": 2.2896996774981098,
      "train_acc": 0.25201612903225806,
      "val_loss": 3.0471415519714355,
      "val_acc": 0.315
    }
  ]
}