{
  "run_id": "AdaNPC-\u03c41.0",
  "final_train_loss": 4.955287684246459,
  "final_train_acc": 0.004361395646606914,
  "final_val_loss": 4.959976124572754,
  "final_val_acc": 0.0038,
  "best_val_acc": 0.0038,
  "epochs": 1,
  "epoch_metrics": [
    {
      "epoch": 1,
      "train_loss": 4.955287684246459,
      "train_acc": 0.004361395646606914,
      "val_loss": 4.959976124572754,
      "val_acc": 0.0038
    }
  ]
}