{
  "run_id": "adanpc_tau0.5_fake",
  "final_train_loss": 2.411342497794859,
  "final_train_acc": 0.10383064516129033,
  "final_val_loss": 2.375411615371704,
  "final_val_acc": 0.11,
  "best_val_acc": 0.11,
  "epochs": 1,
  "epoch_metrics": [
    {
      "epoch": 1,
      "train_loss": 2.411342497794859,
      "train_acc": 0.10383064516129033,
      "val_loss": 2.375411615371704,
      "val_acc": 0.11
    }
  ]
}